Player,stat_category,line,mean,median,std_dev,games_sample_size,over_pct,under_pct,push_pct
Luka Dončić,PTS,36.0,36.0,36.0,,1,0.0,0.0,100.0
Luka Dončić,REB,10.5,10.7,10.7,,1,100.0,0.0,0.0
Luka Dončić,AST,9.5,9.7,9.7,,1,100.0,0.0,0.0
Devin Booker,PTS,33.5,33.6,33.6,,1,100.0,0.0,0.0
Devin Booker,REB,4.0,4.0,4.0,,1,0.0,0.0,100.0
Devin Booker,AST,8.0,7.8,7.8,,1,0.0,100.0,0.0
Donovan Mitchell,PTS,33.5,33.3,33.3,,1,0.0,100.0,0.0
Donovan Mitchell,REB,3.0,2.8,2.8,,1,0.0,100.0,0.0
Donovan Mitchell,AST,5.5,5.3,5.3,,1,0.0,100.0,0.0
Shai Gilgeous-Alexander,PTS,31.5,31.4,31.4,,1,0.0,100.0,0.0
Shai Gilgeous-Alexander,REB,5.5,5.4,5.4,,1,0.0,100.0,0.0
Shai Gilgeous-Alexander,AST,7.0,6.8,6.8,,1,0.0,100.0,0.0
Tyrese Maxey,PTS,31.5,31.4,31.4,,1,0.0,100.0,0.0
Tyrese Maxey,REB,6.0,5.8,5.8,,1,0.0,100.0,0.0
Tyrese Maxey,AST,9.0,9.0,9.0,,1,0.0,0.0,100.0
Giannis Antetokounmpo,PTS,29.5,29.5,29.5,,1,0.0,0.0,100.0
Giannis Antetokounmpo,REB,10.0,10.0,10.0,,1,0.0,0.0,100.0
Giannis Antetokounmpo,AST,6.0,5.8,5.8,,1,0.0,100.0,0.0
Jaylen Brown,PTS,29.0,29.0,29.0,,1,0.0,0.0,100.0
Jaylen Brown,REB,3.5,3.4,3.4,,1,0.0,100.0,0.0
Jaylen Brown,AST,5.0,4.8,4.8,,1,0.0,100.0,0.0
Lauri Markkanen,PTS,28.0,27.8,27.8,,1,0.0,100.0,0.0
Lauri Markkanen,REB,6.0,5.8,5.8,,1,0.0,100.0,0.0
Lauri Markkanen,AST,1.5,1.4,1.4,,1,0.0,100.0,0.0
Julius Randle,PTS,27.5,27.6,27.6,,1,100.0,0.0,0.0
Julius Randle,REB,7.0,7.0,7.0,,1,0.0,0.0,100.0
Julius Randle,AST,5.5,5.4,5.4,,1,0.0,100.0,0.0
Kawhi Leonard,PTS,27.5,27.3,27.3,,1,0.0,100.0,0.0
Kawhi Leonard,REB,6.5,6.3,6.3,,1,0.0,100.0,0.0
Kawhi Leonard,AST,3.5,3.5,3.5,,1,0.0,0.0,100.0
Jalen Brunson,PTS,27.0,27.0,27.0,,1,0.0,0.0,100.0
Jalen Brunson,REB,4.0,3.8,3.8,,1,0.0,100.0,0.0
Jalen Brunson,AST,6.5,6.4,6.4,,1,0.0,100.0,0.0
Nikola Jokić,PTS,27.0,26.8,26.8,,1,0.0,100.0,0.0
Nikola Jokić,REB,13.5,13.4,13.4,,1,0.0,100.0,0.0
Nikola Jokić,AST,12.0,11.8,11.8,,1,0.0,100.0,0.0
Cade Cunningham,PTS,25.5,25.4,25.4,,1,0.0,100.0,0.0
Cade Cunningham,REB,5.0,5.0,5.0,,1,0.0,0.0,100.0
Cade Cunningham,AST,10.0,10.0,10.0,,1,0.0,0.0,100.0
Pascal Siakam,PTS,25.5,25.4,25.4,,1,0.0,100.0,0.0
Pascal Siakam,REB,7.0,6.8,6.8,,1,0.0,100.0,0.0
Pascal Siakam,AST,6.0,5.8,5.8,,1,0.0,100.0,0.0
Deni Avdija,PTS,25.0,25.2,25.2,,1,100.0,0.0,0.0
Deni Avdija,REB,6.5,6.6,6.6,,1,100.0,0.0,0.0
Deni Avdija,AST,5.0,4.8,4.8,,1,0.0,100.0,0.0
Paolo Banchero,PTS,25.0,25.2,25.2,,1,100.0,0.0,0.0
Paolo Banchero,REB,10.0,9.8,9.8,,1,0.0,100.0,0.0
Paolo Banchero,AST,6.5,6.6,6.6,,1,100.0,0.0,0.0
Austin Reaves,PTS,25.0,25.0,25.0,,1,0.0,0.0,100.0
Austin Reaves,REB,3.0,3.0,3.0,,1,0.0,0.0,100.0
Austin Reaves,AST,10.5,10.3,10.3,,1,0.0,100.0,0.0
Michael Porter Jr.,PTS,25.0,24.8,24.8,,1,0.0,100.0,0.0
Michael Porter Jr.,REB,10.5,10.3,10.3,,1,0.0,100.0,0.0
Michael Porter Jr.,AST,2.5,2.3,2.3,,1,0.0,100.0,0.0
Zach LaVine,PTS,25.0,24.8,24.8,,1,0.0,100.0,0.0
Zach LaVine,REB,4.0,4.0,4.0,,1,0.0,0.0,100.0
Zach LaVine,AST,3.0,3.0,3.0,,1,0.0,0.0,100.0
Stephen Curry,PTS,24.5,24.5,24.5,,1,0.0,0.0,100.0
Stephen Curry,REB,3.0,3.0,3.0,,1,0.0,0.0,100.0
Stephen Curry,AST,4.5,4.3,4.3,,1,0.0,100.0,0.0
Josh Giddey,PTS,24.5,24.4,24.4,,1,0.0,100.0,0.0
Josh Giddey,REB,11.5,11.4,11.4,,1,0.0,100.0,0.0
Josh Giddey,AST,10.0,10.0,10.0,,1,0.0,0.0,100.0
Keyonte George,PTS,24.0,24.2,24.2,,1,100.0,0.0,0.0
Keyonte George,REB,4.0,3.8,3.8,,1,0.0,100.0,0.0
Keyonte George,AST,7.0,6.8,6.8,,1,0.0,100.0,0.0
James Harden,PTS,23.5,23.6,23.6,,1,100.0,0.0,0.0
James Harden,REB,5.5,5.6,5.6,,1,100.0,0.0,0.0
James Harden,AST,8.5,8.4,8.4,,1,0.0,100.0,0.0
Miles Bridges,PTS,23.0,22.8,22.8,,1,0.0,100.0,0.0
Miles Bridges,REB,6.0,5.8,5.8,,1,0.0,100.0,0.0
Miles Bridges,AST,3.0,2.8,2.8,,1,0.0,100.0,0.0
DeMar DeRozan,PTS,22.0,22.2,22.2,,1,100.0,0.0,0.0
DeMar DeRozan,REB,3.0,3.2,3.2,,1,100.0,0.0,0.0
DeMar DeRozan,AST,2.5,2.6,2.6,,1,100.0,0.0,0.0
Jamal Murray,PTS,22.0,22.2,22.2,,1,100.0,0.0,0.0
Jamal Murray,REB,6.0,5.8,5.8,,1,0.0,100.0,0.0
Jamal Murray,AST,4.5,4.4,4.4,,1,0.0,100.0,0.0
Jalen Johnson,PTS,22.0,22.0,22.0,,1,0.0,0.0,100.0
Jalen Johnson,REB,9.0,9.0,9.0,,1,0.0,0.0,100.0
Jalen Johnson,AST,5.0,5.2,5.2,,1,100.0,0.0,0.0
Norman Powell,PTS,22.0,22.0,22.0,,1,0.0,0.0,100.0
Norman Powell,REB,2.0,2.0,2.0,,1,0.0,0.0,100.0
Norman Powell,AST,1.0,1.0,1.0,,1,0.0,0.0,100.0
Victor Wembanyama,PTS,22.0,22.0,22.0,,1,0.0,0.0,100.0
Victor Wembanyama,REB,13.0,12.8,12.8,,1,0.0,100.0,0.0
Victor Wembanyama,AST,4.0,3.8,3.8,,1,0.0,100.0,0.0
Joel Embiid,PTS,21.5,21.7,21.7,,1,100.0,0.0,0.0
Joel Embiid,REB,6.5,6.3,6.3,,1,0.0,100.0,0.0
Joel Embiid,AST,3.5,3.3,3.3,,1,0.0,100.0,0.0
Franz Wagner,PTS,21.5,21.6,21.6,,1,100.0,0.0,0.0
Franz Wagner,REB,5.5,5.4,5.4,,1,0.0,100.0,0.0
Franz Wagner,AST,3.5,3.4,3.4,,1,0.0,100.0,0.0
Kevin Durant,PTS,21.5,21.6,21.6,,1,100.0,0.0,0.0
Kevin Durant,REB,5.0,5.0,5.0,,1,0.0,0.0,100.0
Kevin Durant,AST,3.0,3.0,3.0,,1,0.0,0.0,100.0
Alex Sarr,PTS,21.0,21.0,21.0,,1,0.0,0.0,100.0
Alex Sarr,REB,8.5,8.6,8.6,,1,100.0,0.0,0.0
Alex Sarr,AST,3.5,3.6,3.6,,1,100.0,0.0,0.0
RJ Barrett,PTS,21.0,21.0,21.0,,1,0.0,0.0,100.0
RJ Barrett,REB,4.0,4.2,4.2,,1,100.0,0.0,0.0
RJ Barrett,AST,3.5,3.6,3.6,,1,100.0,0.0,0.0
Jaden McDaniels,PTS,21.0,20.8,20.8,,1,0.0,100.0,0.0
Jaden McDaniels,REB,4.0,4.2,4.2,,1,100.0,0.0,0.0
Jaden McDaniels,AST,3.0,2.8,2.8,,1,0.0,100.0,0.0
Amen Thompson,PTS,20.5,20.4,20.4,,1,0.0,100.0,0.0
Amen Thompson,REB,7.5,7.4,7.4,,1,0.0,100.0,0.0
Amen Thompson,AST,7.0,6.8,6.8,,1,0.0,100.0,0.0
Brandon Ingram,PTS,20.5,20.4,20.4,,1,0.0,100.0,0.0
Brandon Ingram,REB,5.5,5.6,5.6,,1,100.0,0.0,0.0
Brandon Ingram,AST,4.5,4.4,4.4,,1,0.0,100.0,0.0
Alperen Sengun,PTS,20.0,20.2,20.2,,1,100.0,0.0,0.0
Alperen Sengun,REB,10.0,10.2,10.2,,1,100.0,0.0,0.0
Alperen Sengun,AST,7.5,7.4,7.4,,1,0.0,100.0,0.0
Bam Adebayo,PTS,20.0,20.2,20.2,,1,100.0,0.0,0.0
Bam Adebayo,REB,7.0,7.0,7.0,,1,0.0,0.0,100.0
Bam Adebayo,AST,3.0,2.8,2.8,,1,0.0,100.0,0.0
Evan Mobley,PTS,20.0,20.0,20.0,,1,0.0,0.0,100.0
Evan Mobley,REB,8.5,8.6,8.6,,1,100.0,0.0,0.0
Evan Mobley,AST,4.0,4.0,4.0,,1,0.0,0.0,100.0
Jarrett Allen,PTS,20.0,20.0,20.0,,1,0.0,0.0,100.0
Jarrett Allen,REB,7.5,7.7,7.7,,1,100.0,0.0,0.0
Jarrett Allen,AST,1.5,1.3,1.3,,1,0.0,100.0,0.0
Kelly Oubre Jr.,PTS,20.0,20.0,20.0,,1,0.0,0.0,100.0
Kelly Oubre Jr.,REB,6.0,5.8,5.8,,1,0.0,100.0,0.0
Kelly Oubre Jr.,AST,1.0,1.0,1.0,,1,0.0,0.0,100.0
Zion Williamson,PTS,20.0,20.0,20.0,,1,0.0,0.0,100.0
Zion Williamson,REB,5.0,5.0,5.0,,1,0.0,0.0,100.0
Zion Williamson,AST,3.5,3.7,3.7,,1,100.0,0.0,0.0
Andrew Wiggins,PTS,20.0,19.8,19.8,,1,0.0,100.0,0.0
Andrew Wiggins,REB,4.5,4.6,4.6,,1,100.0,0.0,0.0
Andrew Wiggins,AST,2.5,2.4,2.4,,1,0.0,100.0,0.0
Jalen Duren,PTS,19.5,19.6,19.6,,1,100.0,0.0,0.0
Jalen Duren,REB,12.0,12.2,12.2,,1,100.0,0.0,0.0
Jalen Duren,AST,2.5,2.4,2.4,,1,0.0,100.0,0.0
Karl-Anthony Towns,PTS,19.5,19.6,19.6,,1,100.0,0.0,0.0
Karl-Anthony Towns,REB,12.0,12.0,12.0,,1,0.0,0.0,100.0
Karl-Anthony Towns,AST,4.0,3.8,3.8,,1,0.0,100.0,0.0
Quentin Grimes,PTS,19.5,19.6,19.6,,1,100.0,0.0,0.0
Quentin Grimes,REB,4.0,4.2,4.2,,1,100.0,0.0,0.0
Quentin Grimes,AST,5.0,5.2,5.2,,1,100.0,0.0,0.0
Stephon Castle,PTS,19.5,19.6,19.6,,1,100.0,0.0,0.0
Stephon Castle,REB,6.0,5.8,5.8,,1,0.0,100.0,0.0
Stephon Castle,AST,5.5,5.6,5.6,,1,100.0,0.0,0.0
OG Anunoby,PTS,19.5,19.4,19.4,,1,0.0,100.0,0.0
OG Anunoby,REB,5.0,5.2,5.2,,1,100.0,0.0,0.0
OG Anunoby,AST,3.0,3.0,3.0,,1,0.0,0.0,100.0
Deandre Ayton,PTS,19.5,19.3,19.3,,1,0.0,100.0,0.0
Deandre Ayton,REB,7.5,7.5,7.5,,1,0.0,0.0,100.0
Deandre Ayton,AST,1.5,1.3,1.3,,1,0.0,100.0,0.0
De'Andre Hunter,PTS,19.0,19.0,19.0,,1,0.0,0.0,100.0
De'Andre Hunter,REB,6.0,6.0,6.0,,1,0.0,0.0,100.0
De'Andre Hunter,AST,3.5,3.3,3.3,,1,0.0,100.0,0.0
Scottie Barnes,PTS,19.0,19.0,19.0,,1,0.0,0.0,100.0
Scottie Barnes,REB,6.5,6.6,6.6,,1,100.0,0.0,0.0
Scottie Barnes,AST,4.5,4.6,4.6,,1,100.0,0.0,0.0
Jerami Grant,PTS,19.0,18.8,18.8,,1,0.0,100.0,0.0
Jerami Grant,REB,4.0,3.8,3.8,,1,0.0,100.0,0.0
Jerami Grant,AST,2.5,2.6,2.6,,1,100.0,0.0,0.0
Ryan Rollins,PTS,19.0,18.8,18.8,,1,0.0,100.0,0.0
Ryan Rollins,REB,3.0,2.8,2.8,,1,0.0,100.0,0.0
Ryan Rollins,AST,6.5,6.4,6.4,,1,0.0,100.0,0.0
Shaedon Sharpe,PTS,19.0,18.8,18.8,,1,0.0,100.0,0.0
Shaedon Sharpe,REB,5.5,5.6,5.6,,1,100.0,0.0,0.0
Shaedon Sharpe,AST,1.0,1.2,1.2,,1,100.0,0.0,0.0
Jaime Jaquez Jr.,PTS,18.5,18.4,18.4,,1,0.0,100.0,0.0
Jaime Jaquez Jr.,REB,6.0,5.8,5.8,,1,0.0,100.0,0.0
Jaime Jaquez Jr.,AST,4.5,4.4,4.4,,1,0.0,100.0,0.0
Jrue Holiday,PTS,18.5,18.4,18.4,,1,0.0,100.0,0.0
Jrue Holiday,REB,4.5,4.4,4.4,,1,0.0,100.0,0.0
Jrue Holiday,AST,7.0,7.2,7.2,,1,100.0,0.0,0.0
Nickeil Alexander-Walker,PTS,18.5,18.4,18.4,,1,0.0,100.0,0.0
Nickeil Alexander-Walker,REB,2.5,2.6,2.6,,1,100.0,0.0,0.0
Nickeil Alexander-Walker,AST,3.0,3.2,3.2,,1,100.0,0.0,0.0
Nikola Vučević,PTS,18.5,18.4,18.4,,1,0.0,100.0,0.0
Nikola Vučević,REB,12.5,12.4,12.4,,1,0.0,100.0,0.0
Nikola Vučević,AST,4.5,4.4,4.4,,1,0.0,100.0,0.0
LaMelo Ball,PTS,18.5,18.3,18.3,,1,0.0,100.0,0.0
LaMelo Ball,REB,7.5,7.3,7.3,,1,0.0,100.0,0.0
LaMelo Ball,AST,10.0,10.0,10.0,,1,0.0,0.0,100.0
Donte DiVincenzo,PTS,18.0,18.0,18.0,,1,0.0,0.0,100.0
Donte DiVincenzo,REB,4.5,4.4,4.4,,1,0.0,100.0,0.0
Donte DiVincenzo,AST,4.5,4.6,4.6,,1,100.0,0.0,0.0
Russell Westbrook,PTS,18.0,17.8,17.8,,1,0.0,100.0,0.0
Russell Westbrook,REB,9.0,8.8,8.8,,1,0.0,100.0,0.0
Russell Westbrook,AST,7.0,6.8,6.8,,1,0.0,100.0,0.0
Ja Morant,PTS,18.0,17.8,17.8,,1,0.0,100.0,0.0
Ja Morant,REB,5.0,4.8,4.8,,1,0.0,100.0,0.0
Ja Morant,AST,8.0,8.0,8.0,,1,0.0,0.0,100.0
Ayo Dosunmu,PTS,17.5,17.3,17.3,,1,0.0,100.0,0.0
Ayo Dosunmu,REB,3.0,3.0,3.0,,1,0.0,0.0,100.0
Ayo Dosunmu,AST,4.0,4.0,4.0,,1,0.0,0.0,100.0
Isaiah Joe,PTS,17.5,17.3,17.3,,1,0.0,100.0,0.0
Isaiah Joe,REB,3.5,3.5,3.5,,1,0.0,0.0,100.0
Isaiah Joe,AST,1.0,1.0,1.0,,1,0.0,0.0,100.0
Kristaps Porziņģis,PTS,17.0,17.2,17.2,,1,100.0,0.0,0.0
Kristaps Porziņģis,REB,6.0,6.0,6.0,,1,0.0,0.0,100.0
Kristaps Porziņģis,AST,3.5,3.6,3.6,,1,100.0,0.0,0.0
Grayson Allen,PTS,17.0,16.8,16.8,,1,0.0,100.0,0.0
Grayson Allen,REB,4.0,3.8,3.8,,1,0.0,100.0,0.0
Grayson Allen,AST,4.5,4.6,4.6,,1,100.0,0.0,0.0
Jake LaRavia,PTS,17.0,16.8,16.8,,1,0.0,100.0,0.0
Jake LaRavia,REB,6.5,6.4,6.4,,1,0.0,100.0,0.0
Jake LaRavia,AST,3.0,2.8,2.8,,1,0.0,100.0,0.0
Rui Hachimura,PTS,17.0,16.8,16.8,,1,0.0,100.0,0.0
Rui Hachimura,REB,4.0,4.0,4.0,,1,0.0,0.0,100.0
Rui Hachimura,AST,1.5,1.6,1.6,,1,100.0,0.0,0.0
Jaren Jackson Jr.,PTS,16.5,16.6,16.6,,1,100.0,0.0,0.0
Jaren Jackson Jr.,REB,6.0,5.8,5.8,,1,0.0,100.0,0.0
Jaren Jackson Jr.,AST,2.0,1.8,1.8,,1,0.0,100.0,0.0
Jonathan Kuminga,PTS,16.5,16.6,16.6,,1,100.0,0.0,0.0
Jonathan Kuminga,REB,6.5,6.4,6.4,,1,0.0,100.0,0.0
Jonathan Kuminga,AST,2.5,2.4,2.4,,1,0.0,100.0,0.0
Jimmy Butler III,PTS,16.5,16.5,16.5,,1,0.0,0.0,100.0
Jimmy Butler III,REB,6.5,6.3,6.3,,1,0.0,100.0,0.0
Jimmy Butler III,AST,4.5,4.3,4.3,,1,0.0,100.0,0.0
Cam Thomas,PTS,16.5,16.4,16.4,,1,0.0,100.0,0.0
Cam Thomas,REB,1.0,1.2,1.2,,1,100.0,0.0,0.0
Cam Thomas,AST,2.0,2.0,2.0,,1,0.0,0.0,100.0
Domantas Sabonis,PTS,16.5,16.3,16.3,,1,0.0,100.0,0.0
Domantas Sabonis,REB,15.0,14.8,14.8,,1,0.0,100.0,0.0
Domantas Sabonis,AST,5.0,5.0,5.0,,1,0.0,0.0,100.0
Aaron Nesmith,PTS,16.0,16.0,16.0,,1,0.0,0.0,100.0
Aaron Nesmith,REB,5.0,5.0,5.0,,1,0.0,0.0,100.0
Aaron Nesmith,AST,1.0,1.2,1.2,,1,100.0,0.0,0.0
Aaron Wiggins,PTS,16.0,16.0,16.0,,1,0.0,0.0,100.0
Aaron Wiggins,REB,3.0,3.0,3.0,,1,0.0,0.0,100.0
Aaron Wiggins,AST,3.0,2.8,2.8,,1,0.0,100.0,0.0
Jabari Smith Jr.,PTS,16.0,16.0,16.0,,1,0.0,0.0,100.0
Jabari Smith Jr.,REB,5.0,4.8,4.8,,1,0.0,100.0,0.0
Jabari Smith Jr.,AST,2.0,1.8,1.8,,1,0.0,100.0,0.0
Jeremy Sochan,PTS,16.0,16.0,16.0,,1,0.0,0.0,100.0
Jeremy Sochan,REB,2.0,2.0,2.0,,1,0.0,0.0,100.0
Jeremy Sochan,AST,0.0,0.0,0.0,,1,0.0,0.0,100.0
Matas Buzelis,PTS,16.0,16.0,16.0,,1,0.0,0.0,100.0
Matas Buzelis,REB,4.5,4.6,4.6,,1,100.0,0.0,0.0
Matas Buzelis,AST,1.5,1.4,1.4,,1,0.0,100.0,0.0
Mikal Bridges,PTS,16.0,16.0,16.0,,1,0.0,0.0,100.0
Mikal Bridges,REB,4.5,4.6,4.6,,1,100.0,0.0,0.0
Mikal Bridges,AST,6.0,6.0,6.0,,1,0.0,0.0,100.0
Nic Claxton,PTS,16.0,16.0,16.0,,1,0.0,0.0,100.0
Nic Claxton,REB,8.0,7.8,7.8,,1,0.0,100.0,0.0
Nic Claxton,AST,4.5,4.4,4.4,,1,0.0,100.0,0.0
Tari Eason,PTS,16.0,15.8,15.8,,1,0.0,100.0,0.0
Tari Eason,REB,5.0,5.0,5.0,,1,0.0,0.0,100.0
Tari Eason,AST,2.5,2.4,2.4,,1,0.0,100.0,0.0
Ajay Mitchell,PTS,15.5,15.4,15.4,,1,0.0,100.0,0.0
Ajay Mitchell,REB,3.0,2.8,2.8,,1,0.0,100.0,0.0
Ajay Mitchell,AST,3.5,3.4,3.4,,1,0.0,100.0,0.0
Mark Williams,PTS,15.5,15.4,15.4,,1,0.0,100.0,0.0
Mark Williams,REB,10.5,10.6,10.6,,1,100.0,0.0,0.0
Mark Williams,AST,1.5,1.4,1.4,,1,0.0,100.0,0.0
Jordan Poole,PTS,15.5,15.3,15.3,,1,0.0,100.0,0.0
Jordan Poole,REB,1.5,1.5,1.5,,1,0.0,0.0,100.0
Jordan Poole,AST,3.5,3.3,3.3,,1,0.0,100.0,0.0
Aaron Gordon,PTS,15.0,15.2,15.2,,1,100.0,0.0,0.0
Aaron Gordon,REB,6.0,6.0,6.0,,1,0.0,0.0,100.0
Aaron Gordon,AST,2.0,1.8,1.8,,1,0.0,100.0,0.0
Anthony Davis,PTS,15.0,15.0,15.0,,1,0.0,0.0,100.0
Anthony Davis,REB,7.5,7.5,7.5,,1,0.0,0.0,100.0
Anthony Davis,AST,1.5,1.5,1.5,,1,0.0,0.0,100.0
Anthony Edwards,PTS,15.0,15.0,15.0,,1,0.0,0.0,100.0
Anthony Edwards,REB,2.0,2.0,2.0,,1,0.0,0.0,100.0
Anthony Edwards,AST,5.0,5.0,5.0,,1,0.0,0.0,100.0
Malik Monk,PTS,15.0,15.0,15.0,,1,0.0,0.0,100.0
Malik Monk,REB,2.5,2.3,2.3,,1,0.0,100.0,0.0
Malik Monk,AST,2.5,2.3,2.3,,1,0.0,100.0,0.0
Payton Pritchard,PTS,15.0,15.0,15.0,,1,0.0,0.0,100.0
Payton Pritchard,REB,2.5,2.6,2.6,,1,100.0,0.0,0.0
Payton Pritchard,AST,5.5,5.4,5.4,,1,0.0,100.0,0.0
Trey Murphy III,PTS,15.0,15.0,15.0,,1,0.0,0.0,100.0
Trey Murphy III,REB,6.0,5.8,5.8,,1,0.0,100.0,0.0
Trey Murphy III,AST,3.0,3.2,3.2,,1,100.0,0.0,0.0
Jeremiah Fears,PTS,15.0,14.8,14.8,,1,0.0,100.0,0.0
Jeremiah Fears,REB,3.5,3.4,3.4,,1,0.0,100.0,0.0
Jeremiah Fears,AST,4.0,4.2,4.2,,1,100.0,0.0,0.0
P.J. Washington,PTS,15.0,14.8,14.8,,1,0.0,100.0,0.0
P.J. Washington,REB,9.5,9.6,9.6,,1,100.0,0.0,0.0
P.J. Washington,AST,3.0,2.8,2.8,,1,0.0,100.0,0.0
Tobias Harris,PTS,14.5,14.7,14.7,,1,100.0,0.0,0.0
Tobias Harris,REB,3.5,3.7,3.7,,1,100.0,0.0,0.0
Tobias Harris,AST,1.5,1.7,1.7,,1,100.0,0.0,0.0
Collin Sexton,PTS,14.5,14.6,14.6,,1,100.0,0.0,0.0
Collin Sexton,REB,2.5,2.6,2.6,,1,100.0,0.0,0.0
Collin Sexton,AST,6.0,5.8,5.8,,1,0.0,100.0,0.0
D'Angelo Russell,PTS,14.5,14.6,14.6,,1,100.0,0.0,0.0
D'Angelo Russell,REB,3.0,3.0,3.0,,1,0.0,0.0,100.0
D'Angelo Russell,AST,6.5,6.6,6.6,,1,100.0,0.0,0.0
Dennis Schröder,PTS,14.5,14.6,14.6,,1,100.0,0.0,0.0
Dennis Schröder,REB,4.5,4.6,4.6,,1,100.0,0.0,0.0
Dennis Schröder,AST,6.5,6.6,6.6,,1,100.0,0.0,0.0
Kon Knueppel,PTS,14.5,14.6,14.6,,1,100.0,0.0,0.0
Kon Knueppel,REB,6.5,6.4,6.4,,1,0.0,100.0,0.0
Kon Knueppel,AST,3.0,2.8,2.8,,1,0.0,100.0,0.0
Kyshawn George,PTS,14.5,14.6,14.6,,1,100.0,0.0,0.0
Kyshawn George,REB,5.0,5.2,5.2,,1,100.0,0.0,0.0
Kyshawn George,AST,4.0,3.8,3.8,,1,0.0,100.0,0.0
Keldon Johnson,PTS,14.0,14.2,14.2,,1,100.0,0.0,0.0
Keldon Johnson,REB,3.5,3.6,3.6,,1,100.0,0.0,0.0
Keldon Johnson,AST,1.0,1.0,1.0,,1,0.0,0.0,100.0
Terance Mann,PTS,14.0,14.2,14.2,,1,100.0,0.0,0.0
Terance Mann,REB,4.0,4.2,4.2,,1,100.0,0.0,0.0
Terance Mann,AST,4.0,4.2,4.2,,1,100.0,0.0,0.0
Dylan Harper,PTS,14.0,14.0,14.0,,1,0.0,0.0,100.0
Dylan Harper,REB,4.0,3.8,3.8,,1,0.0,100.0,0.0
Dylan Harper,AST,4.5,4.5,4.5,,1,0.0,0.0,100.0
Kyle Kuzma,PTS,14.0,14.0,14.0,,1,0.0,0.0,100.0
Kyle Kuzma,REB,4.5,4.4,4.4,,1,0.0,100.0,0.0
Kyle Kuzma,AST,1.0,1.2,1.2,,1,100.0,0.0,0.0
Will Richard,PTS,14.0,14.0,14.0,,1,0.0,0.0,100.0
Will Richard,REB,2.5,2.3,2.3,,1,0.0,100.0,0.0
Will Richard,AST,1.5,1.3,1.3,,1,0.0,100.0,0.0
Anfernee Simons,PTS,14.0,13.8,13.8,,1,0.0,100.0,0.0
Anfernee Simons,REB,1.0,1.2,1.2,,1,100.0,0.0,0.0
Anfernee Simons,AST,1.5,1.6,1.6,,1,100.0,0.0,0.0
Quenton Jackson,PTS,14.0,13.8,13.8,,1,0.0,100.0,0.0
Quenton Jackson,REB,4.0,3.8,3.8,,1,0.0,100.0,0.0
Quenton Jackson,AST,4.5,4.5,4.5,,1,0.0,0.0,100.0
Jaylon Tyson,PTS,13.5,13.6,13.6,,1,100.0,0.0,0.0
Jaylon Tyson,REB,3.5,3.6,3.6,,1,100.0,0.0,0.0
Jaylon Tyson,AST,2.0,2.2,2.2,,1,100.0,0.0,0.0
Trae Young,PTS,13.5,13.5,13.5,,1,0.0,0.0,100.0
Trae Young,REB,2.0,2.0,2.0,,1,0.0,0.0,100.0
Trae Young,AST,9.0,9.0,9.0,,1,0.0,0.0,100.0
Devin Vassell,PTS,13.5,13.4,13.4,,1,0.0,100.0,0.0
Devin Vassell,REB,4.0,4.2,4.2,,1,100.0,0.0,0.0
Devin Vassell,AST,2.5,2.6,2.6,,1,100.0,0.0,0.0
Jarace Walker,PTS,13.5,13.4,13.4,,1,0.0,100.0,0.0
Jarace Walker,REB,6.5,6.4,6.4,,1,0.0,100.0,0.0
Jarace Walker,AST,5.0,4.8,4.8,,1,0.0,100.0,0.0
Naz Reid,PTS,13.5,13.4,13.4,,1,0.0,100.0,0.0
Naz Reid,REB,5.0,4.8,4.8,,1,0.0,100.0,0.0
Naz Reid,AST,1.5,1.4,1.4,,1,0.0,100.0,0.0
Royce O'Neale,PTS,13.5,13.4,13.4,,1,0.0,100.0,0.0
Royce O'Neale,REB,6.5,6.6,6.6,,1,100.0,0.0,0.0
Royce O'Neale,AST,4.0,4.2,4.2,,1,100.0,0.0,0.0
Max Christie,PTS,13.0,13.2,13.2,,1,100.0,0.0,0.0
Max Christie,REB,3.5,3.4,3.4,,1,0.0,100.0,0.0
Max Christie,AST,3.0,3.2,3.2,,1,100.0,0.0,0.0
VJ Edgecombe,PTS,13.0,13.2,13.2,,1,100.0,0.0,0.0
VJ Edgecombe,REB,5.5,5.6,5.6,,1,100.0,0.0,0.0
VJ Edgecombe,AST,4.0,4.0,4.0,,1,0.0,0.0,100.0
Cooper Flagg,PTS,13.0,13.0,13.0,,1,0.0,0.0,100.0
Cooper Flagg,REB,7.0,6.8,6.8,,1,0.0,100.0,0.0
Cooper Flagg,AST,2.5,2.4,2.4,,1,0.0,100.0,0.0
Ivica Zubac,PTS,13.0,13.0,13.0,,1,0.0,0.0,100.0
Ivica Zubac,REB,11.0,11.2,11.2,,1,100.0,0.0,0.0
Ivica Zubac,AST,2.0,2.0,2.0,,1,0.0,0.0,100.0
Onyeka Okongwu,PTS,13.0,13.0,13.0,,1,0.0,0.0,100.0
Onyeka Okongwu,REB,9.0,9.0,9.0,,1,0.0,0.0,100.0
Onyeka Okongwu,AST,2.0,2.2,2.2,,1,100.0,0.0,0.0
Tim Hardaway Jr.,PTS,13.0,13.0,13.0,,1,0.0,0.0,100.0
Tim Hardaway Jr.,REB,2.0,1.8,1.8,,1,0.0,100.0,0.0
Tim Hardaway Jr.,AST,1.5,1.6,1.6,,1,100.0,0.0,0.0
Toumani Camara,PTS,13.0,13.0,13.0,,1,0.0,0.0,100.0
Toumani Camara,REB,4.5,4.4,4.4,,1,0.0,100.0,0.0
Toumani Camara,AST,3.0,3.0,3.0,,1,0.0,0.0,100.0
Brandin Podziemski,PTS,13.0,12.8,12.8,,1,0.0,100.0,0.0
Brandin Podziemski,REB,5.0,5.0,5.0,,1,0.0,0.0,100.0
Brandin Podziemski,AST,4.5,4.6,4.6,,1,100.0,0.0,0.0
Collin Gillespie,PTS,13.0,12.8,12.8,,1,0.0,100.0,0.0
Collin Gillespie,REB,4.0,3.8,3.8,,1,0.0,100.0,0.0
Collin Gillespie,AST,6.5,6.4,6.4,,1,0.0,100.0,0.0
John Collins,PTS,13.0,12.8,12.8,,1,0.0,100.0,0.0
John Collins,REB,4.5,4.6,4.6,,1,100.0,0.0,0.0
John Collins,AST,0.5,0.6,0.6,,1,100.0,0.0,0.0
Kevin Huerter,PTS,13.0,12.8,12.8,,1,0.0,100.0,0.0
Kevin Huerter,REB,3.5,3.6,3.6,,1,100.0,0.0,0.0
Kevin Huerter,AST,2.5,2.4,2.4,,1,0.0,100.0,0.0
Moses Moody,PTS,13.0,12.8,12.8,,1,0.0,100.0,0.0
Moses Moody,REB,3.0,3.2,3.2,,1,100.0,0.0,0.0
Moses Moody,AST,2.0,2.0,2.0,,1,0.0,0.0,100.0
Tre Mann,PTS,13.0,12.8,12.8,,1,0.0,100.0,0.0
Tre Mann,REB,2.5,2.4,2.4,,1,0.0,100.0,0.0
Tre Mann,AST,2.5,2.4,2.4,,1,0.0,100.0,0.0
Cedric Coward,PTS,12.5,12.6,12.6,,1,100.0,0.0,0.0
Cedric Coward,REB,7.0,6.8,6.8,,1,0.0,100.0,0.0
Cedric Coward,AST,3.0,3.0,3.0,,1,0.0,0.0,100.0
Dyson Daniels,PTS,12.5,12.6,12.6,,1,100.0,0.0,0.0
Dyson Daniels,REB,6.0,6.0,6.0,,1,0.0,0.0,100.0
Dyson Daniels,AST,4.5,4.6,4.6,,1,100.0,0.0,0.0
Santi Aldama,PTS,12.5,12.6,12.6,,1,100.0,0.0,0.0
Santi Aldama,REB,6.5,6.6,6.6,,1,100.0,0.0,0.0
Santi Aldama,AST,2.5,2.4,2.4,,1,0.0,100.0,0.0
Wendell Carter Jr.,PTS,12.5,12.6,12.6,,1,100.0,0.0,0.0
Wendell Carter Jr.,REB,7.5,7.4,7.4,,1,0.0,100.0,0.0
Wendell Carter Jr.,AST,1.5,1.4,1.4,,1,0.0,100.0,0.0
Sam Merrill,PTS,12.5,12.5,12.5,,1,0.0,0.0,100.0
Sam Merrill,REB,0.5,0.5,0.5,,1,0.0,0.0,100.0
Sam Merrill,AST,0.5,0.5,0.5,,1,0.0,0.0,100.0
Marcus Smart,PTS,12.5,12.3,12.3,,1,0.0,100.0,0.0
Marcus Smart,REB,3.5,3.3,3.3,,1,0.0,100.0,0.0
Marcus Smart,AST,4.5,4.5,4.5,,1,0.0,0.0,100.0
Christian Braun,PTS,12.0,12.2,12.2,,1,100.0,0.0,0.0
Christian Braun,REB,5.0,4.8,4.8,,1,0.0,100.0,0.0
Christian Braun,AST,3.5,3.4,3.4,,1,0.0,100.0,0.0
Derrick White,PTS,12.0,12.2,12.2,,1,100.0,0.0,0.0
Derrick White,REB,4.0,3.8,3.8,,1,0.0,100.0,0.0
Derrick White,AST,5.0,4.8,4.8,,1,0.0,100.0,0.0
Duncan Robinson,PTS,12.0,12.2,12.2,,1,100.0,0.0,0.0
Duncan Robinson,REB,3.5,3.4,3.4,,1,0.0,100.0,0.0
Duncan Robinson,AST,1.0,1.0,1.0,,1,0.0,0.0,100.0
Ausar Thompson,PTS,12.0,12.0,12.0,,1,0.0,0.0,100.0
Ausar Thompson,REB,6.5,6.4,6.4,,1,0.0,100.0,0.0
Ausar Thompson,AST,2.5,2.4,2.4,,1,0.0,100.0,0.0
Daniel Gafford,PTS,12.0,12.0,12.0,,1,0.0,0.0,100.0
Daniel Gafford,REB,5.5,5.3,5.3,,1,0.0,100.0,0.0
Daniel Gafford,AST,1.5,1.3,1.3,,1,0.0,100.0,0.0
Jock Landale,PTS,12.0,12.0,12.0,,1,0.0,0.0,100.0
Jock Landale,REB,4.5,4.4,4.4,,1,0.0,100.0,0.0
Jock Landale,AST,1.5,1.6,1.6,,1,100.0,0.0,0.0
Anthony Black,PTS,12.0,11.8,11.8,,1,0.0,100.0,0.0
Anthony Black,REB,3.0,2.8,2.8,,1,0.0,100.0,0.0
Anthony Black,AST,2.5,2.6,2.6,,1,100.0,0.0,0.0
Desmond Bane,PTS,12.0,11.8,11.8,,1,0.0,100.0,0.0
Desmond Bane,REB,3.0,3.0,3.0,,1,0.0,0.0,100.0
Desmond Bane,AST,3.5,3.4,3.4,,1,0.0,100.0,0.0
Harrison Barnes,PTS,12.0,11.8,11.8,,1,0.0,100.0,0.0
Harrison Barnes,REB,3.0,3.0,3.0,,1,0.0,0.0,100.0
Harrison Barnes,AST,2.5,2.6,2.6,,1,100.0,0.0,0.0
Isaiah Stewart,PTS,12.0,11.8,11.8,,1,0.0,100.0,0.0
Isaiah Stewart,REB,7.5,7.4,7.4,,1,0.0,100.0,0.0
Isaiah Stewart,AST,2.0,2.0,2.0,,1,0.0,0.0,100.0
AJ Green,PTS,11.5,11.6,11.6,,1,100.0,0.0,0.0
AJ Green,REB,2.5,2.4,2.4,,1,0.0,100.0,0.0
AJ Green,AST,1.0,1.2,1.2,,1,100.0,0.0,0.0
Gary Trent Jr.,PTS,11.5,11.6,11.6,,1,100.0,0.0,0.0
Gary Trent Jr.,REB,2.0,1.8,1.8,,1,0.0,100.0,0.0
Gary Trent Jr.,AST,3.0,2.8,2.8,,1,0.0,100.0,0.0
Immanuel Quickley,PTS,11.5,11.6,11.6,,1,100.0,0.0,0.0
Immanuel Quickley,REB,3.5,3.4,3.4,,1,0.0,100.0,0.0
Immanuel Quickley,AST,6.0,6.0,6.0,,1,0.0,0.0,100.0
Nick Smith Jr.,PTS,11.5,11.3,11.3,,1,0.0,100.0,0.0
Nick Smith Jr.,REB,0.5,0.7,0.7,,1,100.0,0.0,0.0
Nick Smith Jr.,AST,2.5,2.3,2.3,,1,0.0,100.0,0.0
Ryan Dunn,PTS,11.0,11.2,11.2,,1,100.0,0.0,0.0
Ryan Dunn,REB,5.0,5.0,5.0,,1,0.0,0.0,100.0
Ryan Dunn,AST,1.5,1.6,1.6,,1,100.0,0.0,0.0
Saddiq Bey,PTS,11.0,11.2,11.2,,1,100.0,0.0,0.0
Saddiq Bey,REB,4.5,4.4,4.4,,1,0.0,100.0,0.0
Saddiq Bey,AST,1.0,0.8,0.8,,1,0.0,100.0,0.0
Tre Jones,PTS,11.0,11.2,11.2,,1,100.0,0.0,0.0
Tre Jones,REB,3.5,3.6,3.6,,1,100.0,0.0,0.0
Tre Jones,AST,5.0,4.8,4.8,,1,0.0,100.0,0.0
Tristan da Silva,PTS,11.0,11.2,11.2,,1,100.0,0.0,0.0
Tristan da Silva,REB,3.0,2.8,2.8,,1,0.0,100.0,0.0
Tristan da Silva,AST,1.0,1.0,1.0,,1,0.0,0.0,100.0
Brandon Williams,PTS,11.0,11.0,11.0,,1,0.0,0.0,100.0
Brandon Williams,REB,2.5,2.5,2.5,,1,0.0,0.0,100.0
Brandon Williams,AST,1.5,1.3,1.3,,1,0.0,100.0,0.0
Chet Holmgren,PTS,11.0,11.0,11.0,,1,0.0,0.0,100.0
Chet Holmgren,REB,5.0,5.0,5.0,,1,0.0,0.0,100.0
Chet Holmgren,AST,3.0,3.0,3.0,,1,0.0,0.0,100.0
Collin Murray-Boyles,PTS,11.0,11.0,11.0,,1,0.0,0.0,100.0
Collin Murray-Boyles,REB,3.5,3.6,3.6,,1,100.0,0.0,0.0
Collin Murray-Boyles,AST,1.5,1.6,1.6,,1,100.0,0.0,0.0
Isaiah Hartenstein,PTS,11.0,11.0,11.0,,1,0.0,0.0,100.0
Isaiah Hartenstein,REB,11.0,10.8,10.8,,1,0.0,100.0,0.0
Isaiah Hartenstein,AST,4.5,4.4,4.4,,1,0.0,100.0,0.0
Walker Kessler,PTS,11.0,11.0,11.0,,1,0.0,0.0,100.0
Walker Kessler,REB,12.5,12.5,12.5,,1,0.0,0.0,100.0
Walker Kessler,AST,2.5,2.5,2.5,,1,0.0,0.0,100.0
CJ McCollum,PTS,11.0,10.8,10.8,,1,0.0,100.0,0.0
CJ McCollum,REB,2.0,2.0,2.0,,1,0.0,0.0,100.0
CJ McCollum,AST,3.0,3.0,3.0,,1,0.0,0.0,100.0
Cam Spencer,PTS,11.0,10.8,10.8,,1,0.0,100.0,0.0
Cam Spencer,REB,2.0,2.0,2.0,,1,0.0,0.0,100.0
Cam Spencer,AST,3.5,3.6,3.6,,1,100.0,0.0,0.0
Isaiah Jackson,PTS,11.0,10.8,10.8,,1,0.0,100.0,0.0
Isaiah Jackson,REB,7.5,7.6,7.6,,1,100.0,0.0,0.0
Isaiah Jackson,AST,1.0,1.0,1.0,,1,0.0,0.0,100.0
Jordan Clarkson,PTS,10.5,10.6,10.6,,1,100.0,0.0,0.0
Jordan Clarkson,REB,0.5,0.6,0.6,,1,100.0,0.0,0.0
Jordan Clarkson,AST,1.5,1.4,1.4,,1,0.0,100.0,0.0
Rudy Gobert,PTS,10.5,10.6,10.6,,1,100.0,0.0,0.0
Rudy Gobert,REB,9.5,9.4,9.4,,1,0.0,100.0,0.0
Rudy Gobert,AST,2.0,1.8,1.8,,1,0.0,100.0,0.0
Simone Fontecchio,PTS,10.5,10.6,10.6,,1,100.0,0.0,0.0
Simone Fontecchio,REB,2.0,2.0,2.0,,1,0.0,0.0,100.0
Simone Fontecchio,AST,1.5,1.4,1.4,,1,0.0,100.0,0.0
Bilal Coulibaly,PTS,10.5,10.5,10.5,,1,0.0,0.0,100.0
Bilal Coulibaly,REB,5.0,4.8,4.8,,1,0.0,100.0,0.0
Bilal Coulibaly,AST,3.5,3.3,3.3,,1,0.0,100.0,0.0
Bradley Beal,PTS,10.5,10.5,10.5,,1,0.0,0.0,100.0
Bradley Beal,REB,1.0,1.0,1.0,,1,0.0,0.0,100.0
Bradley Beal,AST,2.0,2.0,2.0,,1,0.0,0.0,100.0
Isaac Okoro,PTS,10.5,10.4,10.4,,1,0.0,100.0,0.0
Isaac Okoro,REB,1.5,1.4,1.4,,1,0.0,100.0,0.0
Isaac Okoro,AST,1.5,1.6,1.6,,1,100.0,0.0,0.0
Moussa Diabaté,PTS,10.5,10.4,10.4,,1,0.0,100.0,0.0
Moussa Diabaté,REB,7.0,6.8,6.8,,1,0.0,100.0,0.0
Moussa Diabaté,AST,1.0,0.8,0.8,,1,0.0,100.0,0.0
Pelle Larsson,PTS,10.5,10.4,10.4,,1,0.0,100.0,0.0
Pelle Larsson,REB,3.5,3.4,3.4,,1,0.0,100.0,0.0
Pelle Larsson,AST,3.5,3.6,3.6,,1,100.0,0.0,0.0
Tyrese Martin,PTS,10.5,10.4,10.4,,1,0.0,100.0,0.0
Tyrese Martin,REB,4.0,3.8,3.8,,1,0.0,100.0,0.0
Tyrese Martin,AST,2.0,2.2,2.2,,1,100.0,0.0,0.0
Zaccharie Risacher,PTS,10.5,10.4,10.4,,1,0.0,100.0,0.0
Zaccharie Risacher,REB,2.0,2.0,2.0,,1,0.0,0.0,100.0
Zaccharie Risacher,AST,1.5,1.4,1.4,,1,0.0,100.0,0.0
Derrick Jones Jr.,PTS,10.0,10.2,10.2,,1,100.0,0.0,0.0
Derrick Jones Jr.,REB,3.0,2.8,2.8,,1,0.0,100.0,0.0
Derrick Jones Jr.,AST,1.0,0.8,0.8,,1,0.0,100.0,0.0
Herbert Jones,PTS,10.0,10.2,10.2,,1,100.0,0.0,0.0
Herbert Jones,REB,3.0,3.2,3.2,,1,100.0,0.0,0.0
Herbert Jones,AST,2.0,2.2,2.2,,1,100.0,0.0,0.0
Luke Kennard,PTS,10.0,10.2,10.2,,1,100.0,0.0,0.0
Luke Kennard,REB,2.0,2.0,2.0,,1,0.0,0.0,100.0
Luke Kennard,AST,1.5,1.6,1.6,,1,100.0,0.0,0.0
Reed Sheppard,PTS,10.0,10.2,10.2,,1,100.0,0.0,0.0
Reed Sheppard,REB,3.0,3.0,3.0,,1,0.0,0.0,100.0
Reed Sheppard,AST,3.0,3.2,3.2,,1,100.0,0.0,0.0
Cason Wallace,PTS,10.0,10.0,10.0,,1,0.0,0.0,100.0
Cason Wallace,REB,3.5,3.4,3.4,,1,0.0,100.0,0.0
Cason Wallace,AST,2.5,2.6,2.6,,1,100.0,0.0,0.0
Kel'el Ware,PTS,10.0,10.0,10.0,,1,0.0,0.0,100.0
Kel'el Ware,REB,7.5,7.6,7.6,,1,100.0,0.0,0.0
Kel'el Ware,AST,1.0,0.8,0.8,,1,0.0,100.0,0.0
Myles Turner,PTS,10.0,10.0,10.0,,1,0.0,0.0,100.0
Myles Turner,REB,6.5,6.6,6.6,,1,100.0,0.0,0.0
Myles Turner,AST,2.0,2.0,2.0,,1,0.0,0.0,100.0
Ziaire Williams,PTS,10.0,10.0,10.0,,1,0.0,0.0,100.0
Ziaire Williams,REB,3.5,3.3,3.3,,1,0.0,100.0,0.0
Ziaire Williams,AST,0.5,0.7,0.7,,1,100.0,0.0,0.0
Jalen Suggs,PTS,9.5,9.5,9.5,,1,0.0,0.0,100.0
Jalen Suggs,REB,3.0,3.0,3.0,,1,0.0,0.0,100.0
Jalen Suggs,AST,5.0,5.0,5.0,,1,0.0,0.0,100.0
Bobby Portis,PTS,9.5,9.4,9.4,,1,0.0,100.0,0.0
Bobby Portis,REB,5.0,4.8,4.8,,1,0.0,100.0,0.0
Bobby Portis,AST,1.5,1.4,1.4,,1,0.0,100.0,0.0
Josh Hart,PTS,9.5,9.4,9.4,,1,0.0,100.0,0.0
Josh Hart,REB,6.0,5.8,5.8,,1,0.0,100.0,0.0
Josh Hart,AST,3.5,3.4,3.4,,1,0.0,100.0,0.0
Josh Okogie,PTS,9.5,9.4,9.4,,1,0.0,100.0,0.0
Josh Okogie,REB,1.5,1.4,1.4,,1,0.0,100.0,0.0
Josh Okogie,AST,2.0,1.8,1.8,,1,0.0,100.0,0.0
Julian Champagnie,PTS,9.5,9.4,9.4,,1,0.0,100.0,0.0
Julian Champagnie,REB,6.0,6.2,6.2,,1,100.0,0.0,0.0
Julian Champagnie,AST,1.0,1.2,1.2,,1,100.0,0.0,0.0
Marvin Bagley III,PTS,9.5,9.4,9.4,,1,0.0,100.0,0.0
Marvin Bagley III,REB,5.0,5.0,5.0,,1,0.0,0.0,100.0
Marvin Bagley III,AST,2.0,2.0,2.0,,1,0.0,0.0,100.0
Neemias Queta,PTS,9.5,9.4,9.4,,1,0.0,100.0,0.0
Neemias Queta,REB,8.0,8.2,8.2,,1,100.0,0.0,0.0
Neemias Queta,AST,2.0,2.2,2.2,,1,100.0,0.0,0.0
Svi Mykhailiuk,PTS,9.5,9.4,9.4,,1,0.0,100.0,0.0
Svi Mykhailiuk,REB,3.0,3.0,3.0,,1,0.0,0.0,100.0
Svi Mykhailiuk,AST,1.5,1.4,1.4,,1,0.0,100.0,0.0
Cole Anthony,PTS,9.0,9.2,9.2,,1,100.0,0.0,0.0
Cole Anthony,REB,3.5,3.4,3.4,,1,0.0,100.0,0.0
Cole Anthony,AST,5.0,4.8,4.8,,1,0.0,100.0,0.0
Corey Kispert,PTS,9.0,9.2,9.2,,1,100.0,0.0,0.0
Corey Kispert,REB,2.5,2.6,2.6,,1,100.0,0.0,0.0
Corey Kispert,AST,1.5,1.6,1.6,,1,100.0,0.0,0.0
Jalen Smith,PTS,9.0,9.2,9.2,,1,100.0,0.0,0.0
Jalen Smith,REB,5.0,5.2,5.2,,1,100.0,0.0,0.0
Jalen Smith,AST,0.5,0.4,0.4,,1,0.0,100.0,0.0
Josh Minott,PTS,9.0,9.2,9.2,,1,100.0,0.0,0.0
Josh Minott,REB,8.0,8.0,8.0,,1,0.0,0.0,100.0
Josh Minott,AST,1.5,1.6,1.6,,1,100.0,0.0,0.0
Ronald Holland II,PTS,9.0,9.2,9.2,,1,100.0,0.0,0.0
Ronald Holland II,REB,4.0,3.8,3.8,,1,0.0,100.0,0.0
Ronald Holland II,AST,2.0,2.2,2.2,,1,100.0,0.0,0.0
Davion Mitchell,PTS,9.0,9.0,9.0,,1,0.0,0.0,100.0
Davion Mitchell,REB,2.5,2.6,2.6,,1,100.0,0.0,0.0
Davion Mitchell,AST,8.0,7.8,7.8,,1,0.0,100.0,0.0
Mike Conley,PTS,9.0,9.0,9.0,,1,0.0,0.0,100.0
Mike Conley,REB,2.5,2.6,2.6,,1,100.0,0.0,0.0
Mike Conley,AST,6.0,5.8,5.8,,1,0.0,100.0,0.0
Ryan Kalkbrenner,PTS,9.0,9.0,9.0,,1,0.0,0.0,100.0
Ryan Kalkbrenner,REB,7.0,6.8,6.8,,1,0.0,100.0,0.0
Ryan Kalkbrenner,AST,0.5,0.4,0.4,,1,0.0,100.0,0.0
Sion James,PTS,9.0,9.0,9.0,,1,0.0,0.0,100.0
Sion James,REB,4.0,3.8,3.8,,1,0.0,100.0,0.0
Sion James,AST,1.0,1.2,1.2,,1,100.0,0.0,0.0
Jaylen Wells,PTS,9.0,8.8,8.8,,1,0.0,100.0,0.0
Jaylen Wells,REB,5.0,4.8,4.8,,1,0.0,100.0,0.0
Jaylen Wells,AST,1.5,1.4,1.4,,1,0.0,100.0,0.0
Patrick Williams,PTS,9.0,8.8,8.8,,1,0.0,100.0,0.0
Patrick Williams,REB,2.0,2.2,2.2,,1,100.0,0.0,0.0
Patrick Williams,AST,2.0,2.0,2.0,,1,0.0,0.0,100.0
Tre Johnson,PTS,9.0,8.8,8.8,,1,0.0,100.0,0.0
Tre Johnson,REB,2.5,2.6,2.6,,1,100.0,0.0,0.0
Tre Johnson,AST,1.0,1.2,1.2,,1,100.0,0.0,0.0
Vince Williams Jr.,PTS,9.0,8.8,8.8,,1,0.0,100.0,0.0
Vince Williams Jr.,REB,3.0,2.8,2.8,,1,0.0,100.0,0.0
Vince Williams Jr.,AST,3.0,2.8,2.8,,1,0.0,100.0,0.0
Luguentz Dort,PTS,8.5,8.7,8.7,,1,100.0,0.0,0.0
Luguentz Dort,REB,4.5,4.7,4.7,,1,100.0,0.0,0.0
Luguentz Dort,AST,0.5,0.7,0.7,,1,100.0,0.0,0.0
Landry Shamet,PTS,8.5,8.6,8.6,,1,100.0,0.0,0.0
Landry Shamet,REB,2.0,2.2,2.2,,1,100.0,0.0,0.0
Landry Shamet,AST,0.5,0.4,0.4,,1,0.0,100.0,0.0
Trendon Watford,PTS,8.5,8.4,8.4,,1,0.0,100.0,0.0
Trendon Watford,REB,4.0,4.0,4.0,,1,0.0,0.0,100.0
Trendon Watford,AST,4.0,3.8,3.8,,1,0.0,100.0,0.0
Khris Middleton,PTS,8.5,8.3,8.3,,1,0.0,100.0,0.0
Khris Middleton,REB,4.5,4.7,4.7,,1,100.0,0.0,0.0
Khris Middleton,AST,2.5,2.3,2.3,,1,0.0,100.0,0.0
Miles McBride,PTS,8.5,8.3,8.3,,1,0.0,100.0,0.0
Miles McBride,REB,3.0,3.0,3.0,,1,0.0,0.0,100.0
Miles McBride,AST,3.0,3.0,3.0,,1,0.0,0.0,100.0
Jose Alvarado,PTS,8.0,8.2,8.2,,1,100.0,0.0,0.0
Jose Alvarado,REB,3.5,3.4,3.4,,1,0.0,100.0,0.0
Jose Alvarado,AST,2.5,2.4,2.4,,1,0.0,100.0,0.0
Kentavious Caldwell-Pope,PTS,8.0,8.2,8.2,,1,100.0,0.0,0.0
Kentavious Caldwell-Pope,REB,2.0,2.2,2.2,,1,100.0,0.0,0.0
Kentavious Caldwell-Pope,AST,3.0,3.0,3.0,,1,0.0,0.0,100.0
Noah Clowney,PTS,8.0,8.2,8.2,,1,100.0,0.0,0.0
Noah Clowney,REB,4.0,4.2,4.2,,1,100.0,0.0,0.0
Noah Clowney,AST,1.0,1.0,1.0,,1,0.0,0.0,100.0
Sandro Mamukelashvili,PTS,8.0,8.2,8.2,,1,100.0,0.0,0.0
Sandro Mamukelashvili,REB,3.5,3.4,3.4,,1,0.0,100.0,0.0
Sandro Mamukelashvili,AST,2.0,1.8,1.8,,1,0.0,100.0,0.0
Cameron Johnson,PTS,8.0,8.0,8.0,,1,0.0,0.0,100.0
Cameron Johnson,REB,3.0,2.8,2.8,,1,0.0,100.0,0.0
Cameron Johnson,AST,1.5,1.4,1.4,,1,0.0,100.0,0.0
Darius Garland,PTS,8.0,8.0,8.0,,1,0.0,0.0,100.0
Darius Garland,REB,2.0,2.0,2.0,,1,0.0,0.0,100.0
Darius Garland,AST,4.0,4.0,4.0,,1,0.0,0.0,100.0
Goga Bitadze,PTS,8.0,8.0,8.0,,1,0.0,0.0,100.0
Goga Bitadze,REB,4.0,4.0,4.0,,1,0.0,0.0,100.0
Goga Bitadze,AST,1.0,1.2,1.2,,1,100.0,0.0,0.0
Jusuf Nurkić,PTS,8.0,8.0,8.0,,1,0.0,0.0,100.0
Jusuf Nurkić,REB,9.5,9.4,9.4,,1,0.0,100.0,0.0
Jusuf Nurkić,AST,3.0,3.2,3.2,,1,100.0,0.0,0.0
Klay Thompson,PTS,8.0,8.0,8.0,,1,0.0,0.0,100.0
Klay Thompson,REB,3.0,3.0,3.0,,1,0.0,0.0,100.0
Klay Thompson,AST,2.0,2.0,2.0,,1,0.0,0.0,100.0
Jordan Goodwin,PTS,7.5,7.7,7.7,,1,100.0,0.0,0.0
Jordan Goodwin,REB,3.5,3.3,3.3,,1,0.0,100.0,0.0
Jordan Goodwin,AST,2.0,2.0,2.0,,1,0.0,0.0,100.0
Yves Missi,PTS,7.5,7.7,7.7,,1,100.0,0.0,0.0
Yves Missi,REB,6.5,6.3,6.3,,1,0.0,100.0,0.0
Yves Missi,AST,1.0,1.0,1.0,,1,0.0,0.0,100.0
Jonas Valančiūnas,PTS,7.5,7.6,7.6,,1,100.0,0.0,0.0
Jonas Valančiūnas,REB,4.5,4.4,4.4,,1,0.0,100.0,0.0
Jonas Valančiūnas,AST,1.0,0.8,0.8,,1,0.0,100.0,0.0
Keon Ellis,PTS,7.5,7.6,7.6,,1,100.0,0.0,0.0
Keon Ellis,REB,2.0,1.8,1.8,,1,0.0,100.0,0.0
Keon Ellis,AST,1.0,0.8,0.8,,1,0.0,100.0,0.0
Andre Drummond,PTS,7.5,7.5,7.5,,1,0.0,0.0,100.0
Andre Drummond,REB,8.5,8.3,8.3,,1,0.0,100.0,0.0
Andre Drummond,AST,0.5,0.3,0.3,,1,0.0,100.0,0.0
KJ Simpson,PTS,7.5,7.5,7.5,,1,0.0,0.0,100.0
KJ Simpson,REB,3.5,3.5,3.5,,1,0.0,0.0,100.0
KJ Simpson,AST,2.0,2.0,2.0,,1,0.0,0.0,100.0
Malaki Branham,PTS,7.5,7.5,7.5,,1,0.0,0.0,100.0
Malaki Branham,REB,2.0,2.0,2.0,,1,0.0,0.0,100.0
Malaki Branham,AST,0.0,0.0,0.0,,1,0.0,0.0,100.0
Derik Queen,PTS,7.5,7.4,7.4,,1,0.0,100.0,0.0
Derik Queen,REB,6.0,6.0,6.0,,1,0.0,0.0,100.0
Derik Queen,AST,2.0,1.8,1.8,,1,0.0,100.0,0.0
Drew Eubanks,PTS,7.5,7.4,7.4,,1,0.0,100.0,0.0
Drew Eubanks,REB,3.0,3.2,3.2,,1,100.0,0.0,0.0
Drew Eubanks,AST,0.0,0.2,0.2,,1,100.0,0.0,0.0
Sam Hauser,PTS,7.5,7.4,7.4,,1,0.0,100.0,0.0
Sam Hauser,REB,3.0,3.0,3.0,,1,0.0,0.0,100.0
Sam Hauser,AST,2.0,2.0,2.0,,1,0.0,0.0,100.0
Kris Dunn,PTS,7.0,7.2,7.2,,1,100.0,0.0,0.0
Kris Dunn,REB,3.0,2.8,2.8,,1,0.0,100.0,0.0
Kris Dunn,AST,1.5,1.6,1.6,,1,100.0,0.0,0.0
Donovan Clingan,PTS,7.0,7.0,7.0,,1,0.0,0.0,100.0
Donovan Clingan,REB,9.5,9.6,9.6,,1,100.0,0.0,0.0
Donovan Clingan,AST,1.5,1.4,1.4,,1,0.0,100.0,0.0
Jamal Shead,PTS,7.0,7.0,7.0,,1,0.0,0.0,100.0
Jamal Shead,REB,2.5,2.6,2.6,,1,100.0,0.0,0.0
Jamal Shead,AST,5.0,5.2,5.2,,1,100.0,0.0,0.0
Naji Marshall,PTS,7.0,7.0,7.0,,1,0.0,0.0,100.0
Naji Marshall,REB,3.0,3.0,3.0,,1,0.0,0.0,100.0
Naji Marshall,AST,2.0,1.8,1.8,,1,0.0,100.0,0.0
Quinten Post,PTS,7.0,7.0,7.0,,1,0.0,0.0,100.0
Quinten Post,REB,5.0,5.0,5.0,,1,0.0,0.0,100.0
Quinten Post,AST,1.0,0.8,0.8,,1,0.0,100.0,0.0
Ben Sheppard,PTS,7.0,6.8,6.8,,1,0.0,100.0,0.0
Ben Sheppard,REB,4.5,4.6,4.6,,1,100.0,0.0,0.0
Ben Sheppard,AST,2.0,2.0,2.0,,1,0.0,0.0,100.0
Buddy Hield,PTS,7.0,6.8,6.8,,1,0.0,100.0,0.0
Buddy Hield,REB,1.5,1.6,1.6,,1,100.0,0.0,0.0
Buddy Hield,AST,1.5,1.6,1.6,,1,100.0,0.0,0.0
Dalton Knecht,PTS,7.0,6.8,6.8,,1,0.0,100.0,0.0
Dalton Knecht,REB,1.5,1.6,1.6,,1,100.0,0.0,0.0
Dalton Knecht,AST,1.0,0.8,0.8,,1,0.0,100.0,0.0
Nique Clifford,PTS,6.5,6.7,6.7,,1,100.0,0.0,0.0
Nique Clifford,REB,2.5,2.3,2.3,,1,0.0,100.0,0.0
Nique Clifford,AST,2.0,2.0,2.0,,1,0.0,0.0,100.0
Ace Bailey,PTS,6.5,6.6,6.6,,1,100.0,0.0,0.0
Ace Bailey,REB,3.5,3.4,3.4,,1,0.0,100.0,0.0
Ace Bailey,AST,1.5,1.4,1.4,,1,0.0,100.0,0.0
Kyle Anderson,PTS,6.5,6.5,6.5,,1,0.0,0.0,100.0
Kyle Anderson,REB,1.5,1.5,1.5,,1,0.0,0.0,100.0
Kyle Anderson,AST,2.5,2.5,2.5,,1,0.0,0.0,100.0
Jaxson Hayes,PTS,6.5,6.4,6.4,,1,0.0,100.0,0.0
Jaxson Hayes,REB,4.0,4.2,4.2,,1,100.0,0.0,0.0
Jaxson Hayes,AST,2.0,2.0,2.0,,1,0.0,0.0,100.0
Blake Wesley,PTS,6.5,6.3,6.3,,1,0.0,100.0,0.0
Blake Wesley,REB,1.0,1.0,1.0,,1,0.0,0.0,100.0
Blake Wesley,AST,2.5,2.7,2.7,,1,100.0,0.0,0.0
Mac McClung,PTS,6.5,6.3,6.3,,1,0.0,100.0,0.0
Mac McClung,REB,1.5,1.3,1.3,,1,0.0,100.0,0.0
Mac McClung,AST,0.5,0.3,0.3,,1,0.0,100.0,0.0
Kyle Filipowski,PTS,6.0,6.2,6.2,,1,100.0,0.0,0.0
Kyle Filipowski,REB,4.0,3.8,3.8,,1,0.0,100.0,0.0
Kyle Filipowski,AST,1.5,1.6,1.6,,1,100.0,0.0,0.0
Nikola Jović,PTS,6.0,6.2,6.2,,1,100.0,0.0,0.0
Nikola Jović,REB,3.5,3.4,3.4,,1,0.0,100.0,0.0
Nikola Jović,AST,2.5,2.4,2.4,,1,0.0,100.0,0.0
Alex Caruso,PTS,6.0,6.0,6.0,,1,0.0,0.0,100.0
Alex Caruso,REB,2.0,1.8,1.8,,1,0.0,100.0,0.0
Alex Caruso,AST,2.0,2.0,2.0,,1,0.0,0.0,100.0
Bruce Brown,PTS,6.0,6.0,6.0,,1,0.0,0.0,100.0
Bruce Brown,REB,4.0,4.2,4.2,,1,100.0,0.0,0.0
Bruce Brown,AST,1.5,1.4,1.4,,1,0.0,100.0,0.0
Draymond Green,PTS,6.0,6.0,6.0,,1,0.0,0.0,100.0
Draymond Green,REB,6.5,6.5,6.5,,1,0.0,0.0,100.0
Draymond Green,AST,5.0,4.8,4.8,,1,0.0,100.0,0.0
Duop Reath,PTS,6.0,6.0,6.0,,1,0.0,0.0,100.0
Duop Reath,REB,0.5,0.3,0.3,,1,0.0,100.0,0.0
Duop Reath,AST,1.0,1.0,1.0,,1,0.0,0.0,100.0
Jalen Wilson,PTS,6.0,6.0,6.0,,1,0.0,0.0,100.0
Jalen Wilson,REB,1.0,1.0,1.0,,1,0.0,0.0,100.0
Jalen Wilson,AST,1.0,1.0,1.0,,1,0.0,0.0,100.0
Lindy Waters III,PTS,6.0,6.0,6.0,,1,0.0,0.0,100.0
Lindy Waters III,REB,1.0,1.0,1.0,,1,0.0,0.0,100.0
Lindy Waters III,AST,0.0,0.0,0.0,,1,0.0,0.0,100.0
RayJ Dennis,PTS,6.0,6.0,6.0,,1,0.0,0.0,100.0
RayJ Dennis,REB,2.0,2.2,2.2,,1,100.0,0.0,0.0
RayJ Dennis,AST,2.5,2.4,2.4,,1,0.0,100.0,0.0
Steven Adams,PTS,6.0,6.0,6.0,,1,0.0,0.0,100.0
Steven Adams,REB,8.5,8.5,8.5,,1,0.0,0.0,100.0
Steven Adams,AST,2.0,1.8,1.8,,1,0.0,100.0,0.0
Jay Huff,PTS,6.0,5.8,5.8,,1,0.0,100.0,0.0
Jay Huff,REB,2.5,2.4,2.4,,1,0.0,100.0,0.0
Jay Huff,AST,1.0,1.2,1.2,,1,100.0,0.0,0.0
Peyton Watson,PTS,6.0,5.8,5.8,,1,0.0,100.0,0.0
Peyton Watson,REB,4.5,4.4,4.4,,1,0.0,100.0,0.0
Peyton Watson,AST,2.0,2.2,2.2,,1,100.0,0.0,0.0
Rob Dillingham,PTS,6.0,5.8,5.8,,1,0.0,100.0,0.0
Rob Dillingham,REB,1.0,0.8,0.8,,1,0.0,100.0,0.0
Rob Dillingham,AST,3.0,3.2,3.2,,1,100.0,0.0,0.0
Caris LeVert,PTS,6.0,5.8,5.8,,1,0.0,100.0,0.0
Caris LeVert,REB,1.5,1.3,1.3,,1,0.0,100.0,0.0
Caris LeVert,AST,2.0,1.8,1.8,,1,0.0,100.0,0.0
Dwight Powell,PTS,6.0,5.8,5.8,,1,0.0,100.0,0.0
Dwight Powell,REB,3.5,3.3,3.3,,1,0.0,100.0,0.0
Dwight Powell,AST,0.5,0.3,0.3,,1,0.0,100.0,0.0
Jordan Walsh,PTS,5.5,5.7,5.7,,1,100.0,0.0,0.0
Jordan Walsh,REB,3.5,3.7,3.7,,1,100.0,0.0,0.0
Jordan Walsh,AST,0.5,0.7,0.7,,1,100.0,0.0,0.0
Brook Lopez,PTS,5.5,5.6,5.6,,1,100.0,0.0,0.0
Brook Lopez,REB,2.0,2.2,2.2,,1,100.0,0.0,0.0
Brook Lopez,AST,0.0,0.2,0.2,,1,100.0,0.0,0.0
Cam Whitmore,PTS,5.5,5.6,5.6,,1,100.0,0.0,0.0
Cam Whitmore,REB,1.5,1.6,1.6,,1,100.0,0.0,0.0
Cam Whitmore,AST,0.0,0.2,0.2,,1,100.0,0.0,0.0
Day'Ron Sharpe,PTS,5.5,5.6,5.6,,1,100.0,0.0,0.0
Day'Ron Sharpe,REB,7.0,6.8,6.8,,1,0.0,100.0,0.0
Day'Ron Sharpe,AST,2.0,1.8,1.8,,1,0.0,100.0,0.0
Gradey Dick,PTS,5.5,5.6,5.6,,1,100.0,0.0,0.0
Gradey Dick,REB,1.5,1.6,1.6,,1,100.0,0.0,0.0
Gradey Dick,AST,0.0,0.0,0.0,,1,0.0,0.0,100.0
Jaylin Williams,PTS,5.5,5.6,5.6,,1,100.0,0.0,0.0
Jaylin Williams,REB,6.0,6.2,6.2,,1,100.0,0.0,0.0
Jaylin Williams,AST,3.0,3.2,3.2,,1,100.0,0.0,0.0
Mouhamed Gueye,PTS,5.5,5.6,5.6,,1,100.0,0.0,0.0
Mouhamed Gueye,REB,3.0,3.2,3.2,,1,100.0,0.0,0.0
Mouhamed Gueye,AST,0.5,0.4,0.4,,1,0.0,100.0,0.0
Dean Wade,PTS,5.5,5.4,5.4,,1,0.0,100.0,0.0
Dean Wade,REB,4.0,3.8,3.8,,1,0.0,100.0,0.0
Dean Wade,AST,2.0,2.0,2.0,,1,0.0,0.0,100.0
Taurean Prince,PTS,5.5,5.4,5.4,,1,0.0,100.0,0.0
Taurean Prince,REB,1.0,1.2,1.2,,1,100.0,0.0,0.0
Taurean Prince,AST,0.5,0.4,0.4,,1,0.0,100.0,0.0
Clint Capela,PTS,5.0,5.2,5.2,,1,100.0,0.0,0.0
Clint Capela,REB,6.5,6.4,6.4,,1,0.0,100.0,0.0
Clint Capela,AST,0.5,0.6,0.6,,1,100.0,0.0,0.0
Dru Smith,PTS,5.0,5.0,5.0,,1,0.0,0.0,100.0
Dru Smith,REB,1.0,1.2,1.2,,1,100.0,0.0,0.0
Dru Smith,AST,4.0,3.8,3.8,,1,0.0,100.0,0.0
Jakob Poeltl,PTS,5.0,5.0,5.0,,1,0.0,0.0,100.0
Jakob Poeltl,REB,5.5,5.5,5.5,,1,0.0,0.0,100.0
Jakob Poeltl,AST,0.5,0.5,0.5,,1,0.0,0.0,100.0
Vít Krejčí,PTS,5.0,5.0,5.0,,1,0.0,0.0,100.0
Vít Krejčí,REB,1.5,1.5,1.5,,1,0.0,0.0,100.0
Vít Krejčí,AST,1.0,1.0,1.0,,1,0.0,0.0,100.0
Javonte Green,PTS,5.0,4.8,4.8,,1,0.0,100.0,0.0
Javonte Green,REB,3.0,2.8,2.8,,1,0.0,100.0,0.0
Javonte Green,AST,1.0,1.0,1.0,,1,0.0,0.0,100.0
Walter Clayton Jr.,PTS,5.0,4.8,4.8,,1,0.0,100.0,0.0
Walter Clayton Jr.,REB,1.0,1.2,1.2,,1,100.0,0.0,0.0
Walter Clayton Jr.,AST,3.5,3.6,3.6,,1,100.0,0.0,0.0
Lonzo Ball,PTS,5.0,4.8,4.8,,1,0.0,100.0,0.0
Lonzo Ball,REB,4.0,3.8,3.8,,1,0.0,100.0,0.0
Lonzo Ball,AST,5.5,5.3,5.3,,1,0.0,100.0,0.0
Bub Carrington,PTS,4.5,4.6,4.6,,1,100.0,0.0,0.0
Bub Carrington,REB,4.5,4.4,4.4,,1,0.0,100.0,0.0
Bub Carrington,AST,5.0,4.8,4.8,,1,0.0,100.0,0.0
Luka Garza,PTS,4.5,4.6,4.6,,1,100.0,0.0,0.0
Luka Garza,REB,3.5,3.6,3.6,,1,100.0,0.0,0.0
Luka Garza,AST,1.0,1.0,1.0,,1,0.0,0.0,100.0
Chris Boucher,PTS,4.5,4.5,4.5,,1,0.0,0.0,100.0
Chris Boucher,REB,0.5,0.5,0.5,,1,0.0,0.0,100.0
Chris Boucher,AST,0.0,0.0,0.0,,1,0.0,0.0,100.0
Daniss Jenkins,PTS,4.5,4.5,4.5,,1,0.0,0.0,100.0
Daniss Jenkins,REB,0.0,0.0,0.0,,1,0.0,0.0,100.0
Daniss Jenkins,AST,2.5,2.5,2.5,,1,0.0,0.0,100.0
Keaton Wallace,PTS,4.5,4.5,4.5,,1,0.0,0.0,100.0
Keaton Wallace,REB,2.5,2.3,2.3,,1,0.0,100.0,0.0
Keaton Wallace,AST,4.0,3.8,3.8,,1,0.0,100.0,0.0
Kris Murray,PTS,4.5,4.5,4.5,,1,0.0,0.0,100.0
Kris Murray,REB,3.5,3.5,3.5,,1,0.0,0.0,100.0
Kris Murray,AST,1.5,1.3,1.3,,1,0.0,100.0,0.0
Bogdan Bogdanović,PTS,4.5,4.3,4.3,,1,0.0,100.0,0.0
Bogdan Bogdanović,REB,4.0,4.0,4.0,,1,0.0,0.0,100.0
Bogdan Bogdanović,AST,1.5,1.7,1.7,,1,100.0,0.0,0.0
Pat Spencer,PTS,4.5,4.3,4.3,,1,0.0,100.0,0.0
Pat Spencer,REB,1.5,1.3,1.3,,1,0.0,100.0,0.0
Pat Spencer,AST,1.5,1.7,1.7,,1,100.0,0.0,0.0
Taylor Hendricks,PTS,4.0,4.2,4.2,,1,100.0,0.0,0.0
Taylor Hendricks,REB,4.0,4.2,4.2,,1,100.0,0.0,0.0
Taylor Hendricks,AST,0.5,0.4,0.4,,1,0.0,100.0,0.0
Tony Bradley,PTS,4.0,4.2,4.2,,1,100.0,0.0,0.0
Tony Bradley,REB,4.5,4.4,4.4,,1,0.0,100.0,0.0
Tony Bradley,AST,0.5,0.4,0.4,,1,0.0,100.0,0.0
Cody Williams,PTS,4.0,4.0,4.0,,1,0.0,0.0,100.0
Cody Williams,REB,1.5,1.3,1.3,,1,0.0,100.0,0.0
Cody Williams,AST,0.5,0.7,0.7,,1,100.0,0.0,0.0
Craig Porter Jr.,PTS,4.0,4.0,4.0,,1,0.0,0.0,100.0
Craig Porter Jr.,REB,4.5,4.4,4.4,,1,0.0,100.0,0.0
Craig Porter Jr.,AST,3.0,3.0,3.0,,1,0.0,0.0,100.0
Johnny Furphy,PTS,4.0,4.0,4.0,,1,0.0,0.0,100.0
Johnny Furphy,REB,3.0,3.0,3.0,,1,0.0,0.0,100.0
Johnny Furphy,AST,0.0,0.0,0.0,,1,0.0,0.0,100.0
Mitchell Robinson,PTS,4.0,4.0,4.0,,1,0.0,0.0,100.0
Mitchell Robinson,REB,8.5,8.7,8.7,,1,100.0,0.0,0.0
Mitchell Robinson,AST,1.5,1.3,1.3,,1,0.0,100.0,0.0
Hugo González,PTS,4.0,3.8,3.8,,1,0.0,100.0,0.0
Hugo González,REB,2.0,1.8,1.8,,1,0.0,100.0,0.0
Hugo González,AST,1.0,0.8,0.8,,1,0.0,100.0,0.0
Justin Edwards,PTS,4.0,3.8,3.8,,1,0.0,100.0,0.0
Justin Edwards,REB,2.0,1.8,1.8,,1,0.0,100.0,0.0
Justin Edwards,AST,1.0,0.8,0.8,,1,0.0,100.0,0.0
Ben Saraf,PTS,3.5,3.7,3.7,,1,100.0,0.0,0.0
Ben Saraf,REB,1.5,1.3,1.3,,1,0.0,100.0,0.0
Ben Saraf,AST,2.0,2.0,2.0,,1,0.0,0.0,100.0
Jaylen Clark,PTS,3.5,3.7,3.7,,1,100.0,0.0,0.0
Jaylen Clark,REB,2.5,2.3,2.3,,1,0.0,100.0,0.0
Jaylen Clark,AST,0.5,0.7,0.7,,1,100.0,0.0,0.0
John Konchar,PTS,3.5,3.7,3.7,,1,100.0,0.0,0.0
John Konchar,REB,2.0,2.0,2.0,,1,0.0,0.0,100.0
John Konchar,AST,0.5,0.7,0.7,,1,100.0,0.0,0.0
Kevin Love,PTS,3.5,3.7,3.7,,1,100.0,0.0,0.0
Kevin Love,REB,5.0,5.0,5.0,,1,0.0,0.0,100.0
Kevin Love,AST,3.5,3.7,3.7,,1,100.0,0.0,0.0
Kevon Looney,PTS,3.5,3.7,3.7,,1,100.0,0.0,0.0
Kevon Looney,REB,4.5,4.3,4.3,,1,0.0,100.0,0.0
Kevon Looney,AST,2.0,2.0,2.0,,1,0.0,0.0,100.0
Jarred Vanderbilt,PTS,3.5,3.6,3.6,,1,100.0,0.0,0.0
Jarred Vanderbilt,REB,5.0,4.8,4.8,,1,0.0,100.0,0.0
Jarred Vanderbilt,AST,2.0,1.8,1.8,,1,0.0,100.0,0.0
Oso Ighodaro,PTS,3.5,3.6,3.6,,1,100.0,0.0,0.0
Oso Ighodaro,REB,3.0,3.2,3.2,,1,100.0,0.0,0.0
Oso Ighodaro,AST,1.5,1.4,1.4,,1,0.0,100.0,0.0
Charles Bassey,PTS,3.5,3.5,3.5,,1,0.0,0.0,100.0
Charles Bassey,REB,7.5,7.5,7.5,,1,0.0,0.0,100.0
Charles Bassey,AST,1.0,1.0,1.0,,1,0.0,0.0,100.0
Jaden Hardy,PTS,3.5,3.5,3.5,,1,0.0,0.0,100.0
Jaden Hardy,REB,1.0,1.0,1.0,,1,0.0,0.0,100.0
Jaden Hardy,AST,0.5,0.5,0.5,,1,0.0,0.0,100.0
Terrence Shannon Jr.,PTS,3.5,3.5,3.5,,1,0.0,0.0,100.0
Terrence Shannon Jr.,REB,1.5,1.5,1.5,,1,0.0,0.0,100.0
Terrence Shannon Jr.,AST,1.0,0.8,0.8,,1,0.0,100.0,0.0
Liam McNeeley,PTS,3.5,3.4,3.4,,1,0.0,100.0,0.0
Liam McNeeley,REB,1.5,1.6,1.6,,1,100.0,0.0,0.0
Liam McNeeley,AST,1.0,1.2,1.2,,1,100.0,0.0,0.0
Jeremiah Robinson-Earl,PTS,3.5,3.3,3.3,,1,0.0,100.0,0.0
Jeremiah Robinson-Earl,REB,5.5,5.7,5.7,,1,100.0,0.0,0.0
Jeremiah Robinson-Earl,AST,0.5,0.7,0.7,,1,100.0,0.0,0.0
Jordan Hawkins,PTS,3.5,3.3,3.3,,1,0.0,100.0,0.0
Jordan Hawkins,REB,1.5,1.5,1.5,,1,0.0,0.0,100.0
Jordan Hawkins,AST,0.5,0.5,0.5,,1,0.0,0.0,100.0
Ja'Kobe Walter,PTS,3.0,3.2,3.2,,1,100.0,0.0,0.0
Ja'Kobe Walter,REB,2.0,1.8,1.8,,1,0.0,100.0,0.0
Ja'Kobe Walter,AST,1.0,0.8,0.8,,1,0.0,100.0,0.0
Tyus Jones,PTS,3.0,3.2,3.2,,1,100.0,0.0,0.0
Tyus Jones,REB,1.0,1.0,1.0,,1,0.0,0.0,100.0
Tyus Jones,AST,1.0,1.0,1.0,,1,0.0,0.0,100.0
Elijah Harkless,PTS,3.0,3.0,3.0,,1,0.0,0.0,100.0
Elijah Harkless,REB,1.5,1.3,1.3,,1,0.0,100.0,0.0
Elijah Harkless,AST,1.0,1.0,1.0,,1,0.0,0.0,100.0
Jonathan Isaac,PTS,3.0,3.0,3.0,,1,0.0,0.0,100.0
Jonathan Isaac,REB,3.0,3.0,3.0,,1,0.0,0.0,100.0
Jonathan Isaac,AST,0.5,0.3,0.3,,1,0.0,100.0,0.0
Jabari Walker,PTS,3.0,2.8,2.8,,1,0.0,100.0,0.0
Jabari Walker,REB,2.5,2.6,2.6,,1,100.0,0.0,0.0
Jabari Walker,AST,0.0,0.2,0.2,,1,100.0,0.0,0.0
Jordan McLaughlin,PTS,3.0,2.8,2.8,,1,0.0,100.0,0.0
Jordan McLaughlin,REB,1.0,1.0,1.0,,1,0.0,0.0,100.0
Jordan McLaughlin,AST,1.5,1.6,1.6,,1,100.0,0.0,0.0
Egor Dëmin,PTS,3.0,2.8,2.8,,1,0.0,100.0,0.0
Egor Dëmin,REB,1.5,1.5,1.5,,1,0.0,0.0,100.0
Egor Dëmin,AST,3.0,2.8,2.8,,1,0.0,100.0,0.0
Adem Bona,PTS,2.5,2.4,2.4,,1,0.0,100.0,0.0
Adem Bona,REB,4.0,3.8,3.8,,1,0.0,100.0,0.0
Adem Bona,AST,0.0,0.0,0.0,,1,0.0,0.0,100.0
Amir Coffey,PTS,2.5,2.4,2.4,,1,0.0,100.0,0.0
Amir Coffey,REB,2.0,1.8,1.8,,1,0.0,100.0,0.0
Amir Coffey,AST,1.0,0.8,0.8,,1,0.0,100.0,0.0
Chris Paul,PTS,2.5,2.4,2.4,,1,0.0,100.0,0.0
Chris Paul,REB,1.5,1.6,1.6,,1,100.0,0.0,0.0
Chris Paul,AST,3.0,3.0,3.0,,1,0.0,0.0,100.0
Larry Nance Jr.,PTS,2.5,2.4,2.4,,1,0.0,100.0,0.0
Larry Nance Jr.,REB,3.5,3.4,3.4,,1,0.0,100.0,0.0
Larry Nance Jr.,AST,2.0,1.8,1.8,,1,0.0,100.0,0.0
Nicolas Batum,PTS,2.5,2.4,2.4,,1,0.0,100.0,0.0
Nicolas Batum,REB,3.0,3.0,3.0,,1,0.0,0.0,100.0
Nicolas Batum,AST,1.0,1.0,1.0,,1,0.0,0.0,100.0
Ochai Agbaji,PTS,2.5,2.4,2.4,,1,0.0,100.0,0.0
Ochai Agbaji,REB,2.0,2.0,2.0,,1,0.0,0.0,100.0
Ochai Agbaji,AST,1.0,0.8,0.8,,1,0.0,100.0,0.0
Al Horford,PTS,2.5,2.3,2.3,,1,0.0,100.0,0.0
Al Horford,REB,5.0,4.8,4.8,,1,0.0,100.0,0.0
Al Horford,AST,1.5,1.3,1.3,,1,0.0,100.0,0.0
Bronny James,PTS,2.5,2.3,2.3,,1,0.0,100.0,0.0
Bronny James,REB,0.5,0.5,0.5,,1,0.0,0.0,100.0
Bronny James,AST,2.0,2.0,2.0,,1,0.0,0.0,100.0
DeAndre Jordan,PTS,2.0,2.0,2.0,,1,0.0,0.0,100.0
DeAndre Jordan,REB,5.0,5.0,5.0,,1,0.0,0.0,100.0
DeAndre Jordan,AST,0.0,0.0,0.0,,1,0.0,0.0,100.0
Micah Peavy,PTS,2.0,2.0,2.0,,1,0.0,0.0,100.0
Micah Peavy,REB,1.5,1.7,1.7,,1,100.0,0.0,0.0
Micah Peavy,AST,1.0,1.0,1.0,,1,0.0,0.0,100.0
Nolan Traore,PTS,2.0,2.0,2.0,,1,0.0,0.0,100.0
Nolan Traore,REB,0.5,0.5,0.5,,1,0.0,0.0,100.0
Nolan Traore,AST,1.5,1.5,1.5,,1,0.0,0.0,100.0
Jared McCain,PTS,0.0,0.0,0.0,,1,0.0,0.0,100.0
Jared McCain,REB,1.0,1.0,1.0,,1,0.0,0.0,100.0
Jared McCain,AST,2.0,2.0,2.0,,1,0.0,0.0,100.0
Jevon Carter,PTS,0.0,0.0,0.0,,1,0.0,0.0,100.0
Jevon Carter,REB,0.0,0.0,0.0,,1,0.0,0.0,100.0
Jevon Carter,AST,2.0,2.0,2.0,,1,0.0,0.0,100.0
